-- MySQL dump 10.13  Distrib 5.1.66, for debian-linux-gnu (i486)
--
-- Host: localhost    Database: forum_dev
-- ------------------------------------------------------
-- Server version	5.1.66-0+squeeze1

/*!40101 SET @OLD_CHARACTER_SET_CLIENT=@@CHARACTER_SET_CLIENT */;
/*!40101 SET @OLD_CHARACTER_SET_RESULTS=@@CHARACTER_SET_RESULTS */;
/*!40101 SET @OLD_COLLATION_CONNECTION=@@COLLATION_CONNECTION */;
/*!40101 SET NAMES utf8 */;
/*!40103 SET @OLD_TIME_ZONE=@@TIME_ZONE */;
/*!40103 SET TIME_ZONE='+00:00' */;
/*!40014 SET @OLD_UNIQUE_CHECKS=@@UNIQUE_CHECKS, UNIQUE_CHECKS=0 */;
/*!40014 SET @OLD_FOREIGN_KEY_CHECKS=@@FOREIGN_KEY_CHECKS, FOREIGN_KEY_CHECKS=0 */;
/*!40101 SET @OLD_SQL_MODE=@@SQL_MODE, SQL_MODE='NO_AUTO_VALUE_ON_ZERO' */;
/*!40111 SET @OLD_SQL_NOTES=@@SQL_NOTES, SQL_NOTES=0 */;

--
-- Table structure for table `boards`
--

DROP TABLE IF EXISTS `boards`;
/*!40101 SET @saved_cs_client     = @@character_set_client */;
/*!40101 SET character_set_client = utf8 */;
CREATE TABLE `boards` (
  `id` int(11) NOT NULL AUTO_INCREMENT,
  `name` varchar(255) DEFAULT NULL,
  `created_at` datetime NOT NULL,
  `updated_at` datetime NOT NULL,
  `posts_count` int(11) DEFAULT '0',
  PRIMARY KEY (`id`)
) ENGINE=InnoDB AUTO_INCREMENT=6 DEFAULT CHARSET=utf8;
/*!40101 SET character_set_client = @saved_cs_client */;

--
-- Dumping data for table `boards`
--

LOCK TABLES `boards` WRITE;
/*!40000 ALTER TABLE `boards` DISABLE KEYS */;
INSERT INTO `boards` VALUES (1,'测试','2013-03-13 03:35:04','2013-03-13 03:35:04',13),(2,'小说版','2013-03-13 04:09:47','2013-03-13 04:09:47',1),(3,'abc','2013-03-13 09:04:04','2013-03-13 09:04:04',2);
/*!40000 ALTER TABLE `boards` ENABLE KEYS */;
UNLOCK TABLES;

--
-- Table structure for table `ckeditor_assets`
--

DROP TABLE IF EXISTS `ckeditor_assets`;
/*!40101 SET @saved_cs_client     = @@character_set_client */;
/*!40101 SET character_set_client = utf8 */;
CREATE TABLE `ckeditor_assets` (
  `id` int(11) NOT NULL AUTO_INCREMENT,
  `data_file_name` varchar(255) NOT NULL,
  `data_content_type` varchar(255) DEFAULT NULL,
  `data_file_size` int(11) DEFAULT NULL,
  `assetable_id` int(11) DEFAULT NULL,
  `assetable_type` varchar(30) DEFAULT NULL,
  `type` varchar(30) DEFAULT NULL,
  `width` int(11) DEFAULT NULL,
  `height` int(11) DEFAULT NULL,
  `created_at` datetime NOT NULL,
  `updated_at` datetime NOT NULL,
  PRIMARY KEY (`id`),
  KEY `idx_ckeditor_assetable_type` (`assetable_type`,`type`,`assetable_id`),
  KEY `idx_ckeditor_assetable` (`assetable_type`,`assetable_id`)
) ENGINE=InnoDB AUTO_INCREMENT=3 DEFAULT CHARSET=utf8;
/*!40101 SET character_set_client = @saved_cs_client */;

--
-- Dumping data for table `ckeditor_assets`
--

LOCK TABLES `ckeditor_assets` WRITE;
/*!40000 ALTER TABLE `ckeditor_assets` DISABLE KEYS */;
INSERT INTO `ckeditor_assets` VALUES (1,'002.jpg','image/jpeg',257895,1,'User','Ckeditor::Picture',1200,800,'2013-03-14 03:04:57','2013-03-14 03:04:57'),(2,'baracktocat.jpg','image/jpeg',107276,1,'User','Ckeditor::Picture',896,896,'2013-03-14 03:05:39','2013-03-14 03:05:39');
/*!40000 ALTER TABLE `ckeditor_assets` ENABLE KEYS */;
UNLOCK TABLES;

--
-- Table structure for table `posts`
--

DROP TABLE IF EXISTS `posts`;
/*!40101 SET @saved_cs_client     = @@character_set_client */;
/*!40101 SET character_set_client = utf8 */;
CREATE TABLE `posts` (
  `id` int(11) NOT NULL AUTO_INCREMENT,
  `title` varchar(255) DEFAULT NULL,
  `content` longtext,
  `created_at` datetime NOT NULL,
  `updated_at` datetime NOT NULL,
  `board_id` int(11) DEFAULT NULL,
  `user_id` int(11) DEFAULT NULL,
  PRIMARY KEY (`id`)
) ENGINE=InnoDB AUTO_INCREMENT=23 DEFAULT CHARSET=utf8;
/*!40101 SET character_set_client = @saved_cs_client */;

--
-- Dumping data for table `posts`
--

LOCK TABLES `posts` WRITE;
/*!40000 ALTER TABLE `posts` DISABLE KEYS */;
INSERT INTO `posts` VALUES (1,'公告','这是一个公告111','2013-03-13 03:51:17','2013-03-13 12:57:27',1,1),(2,'工行去年现代服务业贷款劲增41%','近年来，中国工商银行将支持现代服务业发展作为推进经济结构优化升级的重要着力点，持续加大金融支持力度。据统计，截至2012年末工行对现代服务业提供的贷款余额已超过1.1万亿，较年初大幅增长了41%，是国内对现代服务业贷款支持力度最大的商业银行。其中，工行还将现代服务业中的中小企业作为重点支持对象，在工行提供信贷支持的4.83万户现代服务业企业中，中小企业占89%，贷款余额的占比则达到78%。','2013-03-13 03:51:50','2013-03-13 03:51:50',1,1),(7,'重生之官路商途','更俗','2013-03-13 04:13:31','2013-03-13 04:13:31',2,1),(10,'测试','You have a few options:  Install bundler to a global gemset. rvm gemset use global && gem install bundler If you have Homebrew installed, just do brew install ruby and avoid rvm altogether. (There\'s also rbenv and ry as alternatives to rvm, but I just use','2013-03-13 06:14:41','2013-03-13 06:14:59',1,1),(11,'qq----','tencent','2013-03-13 08:25:33','2013-03-13 10:20:45',1,2),(12,'微信','有次搜微信附近人，发现一个叫紫薇的，打招呼后不理我，再加一次内附留言：紫薇，是我，我是尔康！对方果断加上了，非让我带她去找她的皇阿玛！！我吓尿了！！ http://is.gd/bTl9uo ','2013-03-13 10:26:31','2013-03-13 10:26:31',1,1),(13,'自行车','我们北方学校在大雪中挣扎的自行车。颤抖吧。。南方的孩子们','2013-03-13 10:27:27','2013-03-13 10:27:27',1,1),(14,'波多野结衣','me-me*練いったん終わって、只今監面に来てます★＼(^o^)／終わったら皆と合流する( ^ω^ ) また夜はちょっと練習(*^^*)♪','2013-03-13 10:28:16','2013-03-13 12:56:05',1,1),(15,'Pow User\'s Manual','<h3 style=\"font-size: 32px; color: rgb(0, 0, 0); font-family: \'Helvetica Neue\', Helvetica, sans-serif; line-height: 27px; background-color: rgb(224, 224, 216);\">Pow prevails over the forces of evil.</h3>\r\n\r\n<p style=\"margin-top: 40px; color: rgb(0, 0, 0); font-family: \'Helvetica Neue\', Helvetica, sans-serif; font-size: 18px; line-height: 27px; background-color: rgb(224, 224, 216);\"><strong>Convention trumps configuration.</strong>&nbsp;Don&rsquo;t let tedious configuration get in the way of building great apps. With Pow, there are no preference panes to install. No Apache configuration files to update. And Pow eliminates the need to edit&nbsp;<code style=\"font-size: 14px; line-height: normal; font-family: Monaco, \'Courier New\', \'DejaVu Sans Mono\', \'Bitstream Vera Sans Mono\', monospace; background-color: rgb(217, 234, 235); padding: 3px; border-top-left-radius: 5px; border-top-right-radius: 5px; border-bottom-right-radius: 5px; border-bottom-left-radius: 5px; border: 1px solid rgb(210, 210, 202);\">/etc/hosts</code>. To get a Rack app running, just type a single command.</p>\r\n','2013-03-13 12:27:23','2013-03-14 03:00:37',1,1),(16,'image test','<p>image test</p>\r\n\r\n<p>ok</p>\r\n','2013-03-13 13:32:54','2013-03-16 04:56:34',1,1),(17,'devise','This README is also available in a friendly navigable format.\r\n\r\nDevise is a flexible authentication solution for Rails based on Warden. It:\r\n\r\nIs Rack based;\r\nIs a complete MVC solution based on Rails engines;\r\nAllows you to have multiple roles (or models/scopes) signed in at the same time;\r\nIs based on a modularity concept: use just what you really need.\r\nIt\'s composed of 11 modules:\r\n\r\nDatabase Authenticatable: encrypts and stores a password in the database to validate the authenticity of a user while signing in. The authentication can be done both through POST requests or HTTP Basic Authentication.\r\nToken Authenticatable: signs in a user based on an authentication token (also known as \"single access token\"). The token can be given both through query string or HTTP Basic Authentication.\r\nOmniauthable: adds Omniauth (https://github.com/intridea/omniauth) support;\r\nConfirmable: sends emails with confirmation instructions and verifies whether an account is already confirmed during sign in.\r\nRecoverable: resets the user password and sends reset instructions.\r\nRegisterable: handles signing up users through a registration process, also allowing them to edit and destroy their account.\r\nRememberable: manages generating and clearing a token for remembering the user from a saved cookie.\r\nTrackable: tracks sign in count, timestamps and IP address.\r\nTimeoutable: expires sessions that have no activity in a specified period of time.\r\nValidatable: provides validations of email and password. It\'s optional and can be customized, so you\'re able to define your own validations.\r\nLockable: locks an account after a specified number of failed sign-in attempts. Can unlock via email or after a specified time period.','2013-03-14 02:17:05','2013-03-14 02:17:05',3,1),(18,'Samsung 正式发表 Galaxy S 4：5 吋 1080p 屏幕、4 + 4 核 Exynos 处理器、1,300 万像素相机','<div style=\"color: rgb(54, 54, 54); font-family: Arial, Helvetica, sans-serif; font-size: 13px; font-style: normal; font-variant: normal; font-weight: normal; letter-spacing: normal; line-height: 19.1875px; orphans: auto; text-indent: 0px; text-transform: none; white-space: normal; widows: auto; word-spacing: 0px; -webkit-text-size-adjust: auto; -webkit-text-stroke-width: 0px; background-color: rgb(255, 255, 255); text-align: center;\"><a href=\"http://cn.engadget.com/2013/03/14/samsung-galaxy-s-4-5-1080p-exynos-1-300/\" style=\"color: rgb(10, 167, 214); text-decoration: none; outline: none;\"><img src=\"http://www.blogcdn.com/cn.engadget.com/media/2013/03/samsunggs4-eng.jpg\" style=\"border: 1px solid rgb(255, 255, 255); padding: 0px; margin: 4px;\" /></a></div>\r\n\r\n<div style=\"color: rgb(54, 54, 54); font-family: Arial, Helvetica, sans-serif; font-size: 13px; font-style: normal; font-variant: normal; font-weight: normal; letter-spacing: normal; line-height: 19.1875px; orphans: auto; text-align: left; text-indent: 0px; text-transform: none; white-space: normal; widows: auto; word-spacing: 0px; -webkit-text-size-adjust: auto; -webkit-text-stroke-width: 0px; background-color: rgb(255, 255, 255);\"><br style=\"line-height: 0.8em;\" />\r\n谜底揭晓！Samsung <a href=\"http://cn.engadget.com/2012/05/03/samsung-galaxy-s-iii-is-official/\" style=\"color: rgb(10, 167, 214); text-decoration: none; outline: none;\">Galaxy S</a> 系列新一代的旗舰 Galaxy S 4 今天终于在 Unpacked 活动中正式登场亮相了。它采用了像素密度为 441 ppi 的 5 吋 1080p（1,920 x 1,080） Super AMOLED 屏幕和 2GB RAM，处理器根据地区不同分为两种版本，一种是<a href=\"http://cn.engadget.com/2013/01/09/samsung-announces-exynos-5-octa-chip-at-ces/\" style=\"color: rgb(10, 167, 214); text-decoration: none; outline: none;\"> 4 + 4 核</a> 1.6GHz 的 Exynos 处理器，另一种是四核 1.9GHz 的高通处理器（Samsung 没有公布具体是哪种型号，但我们估计至少是 <a href=\"http://cn.engadget.com/2013/01/07/qualcomm-snapdragon-800-and/\" style=\"color: rgb(10, 167, 214); text-decoration: none; outline: none;\">Snapdragon 600 或 800</a>），上市时预载的系统将是 Android 4.2.2。<br style=\"line-height: 0.8em;\" />\r\n<br style=\"line-height: 0.8em;\" />\r\nGalaxy S 4 的三围是 136.6 x 69.8 x 7.9mm，重量 130g。和 Galaxy S III 相比它窄了 0.8mm，薄了 0.7mm，轻了 3g，考虑到其屏幕更大而且采用了 2,600mAh 的电池，总体来看 Samsung 在机身尺寸方面的控制还是给人留下了非常深刻的印象。配色方面暂时仅有黑、白两色可选，之后 Samsung 会陆续推出更多的颜色。想了解更多内容的话请点击继续阅读。</div>\r\n\r\n<p>&nbsp;</p>\r\n\r\n<p style=\"margin: 0.8em 0px; padding: 0px; text-align: left; color: rgb(54, 54, 54); font-family: Arial, Helvetica, sans-serif; font-size: 13px; font-style: normal; font-variant: normal; font-weight: normal; letter-spacing: normal; line-height: 19.1875px; orphans: auto; text-indent: 0px; text-transform: none; white-space: normal; widows: auto; word-spacing: 0px; -webkit-text-size-adjust: auto; -webkit-text-stroke-width: 0px; background-color: rgb(255, 255, 255);\">和新 HTC One 一样，Galaxy S 4 将支持 Wi-Fi 802.11ac / a / b / g / n，同时还配有红外线功能，可以搭配 Samsung 的 WatchON 服务进行远程控制。另外它还支持 NFC、蓝牙 4.0 + LE、MHL 2.0（可以使用标准 MHL 连接器，不像 Galaxy S III 那样必须使用 Samsung 的 MHL 转接器才能正常工作）。<br style=\"line-height: 0.8em;\" />\r\n<br style=\"line-height: 0.8em;\" />\r\nGalaxy S 4 采用了 1,300 万像素的背照式相机（f / 2.2 光圈），支持自动对焦，前置镜头较上代也有所提升，来到了 200 万像素的境界。按照 Samsung 的说法前后相机均无快门延迟，光是这一点就非常令人期待。此外 Samsung 还为 Galaxy S 4 加入了一些有趣的相机功能，比如说前后相机同时录影（很像 LG Optimus G Pro 的功能）或视频通话（可以让对方看到你正在看什么）、通过连拍模式制作 GIF 档的 Drama Shot 以及制作有声相片（最长九秒）的 Sound &amp; Shot。<br style=\"line-height: 0.8em;\" />\r\n<br style=\"line-height: 0.8em;\" />\r\n此外 Galaxy S 4 还在 Galaxy S III 的基础上支持了更多的「Smart」手势功能，比如说当目光移出屏幕时暂停播放中视频的「Smart Pause」和利用倾斜手机及眼球运动来控制页面滚动的「Smart Scroll」。另外在 Galaxy S 4 上只需用手指而非 S Pen 便可实现 Air View 悬浮预览（可用于电邮、日历、相册等），多台 Galaxy S 4 间还可以通过 Group Play 来实现近距离音乐分享、共同游戏。<br style=\"line-height: 0.8em;\" />\r\n<br style=\"line-height: 0.8em;\" />\r\n目前 Samsung 还未公布 Galaxy S 4 的售价，但可以确定的是它将在第二季中登陆全球市场。访问来源可以阅读完整的新闻稿，接下来请继续留意我们的动手玩预览喔。<br style=\"line-height: 0.8em;\" />\r\n<br style=\"line-height: 0.8em;\" />\r\n更新：已将八核的说法更正为 4 + 4 核。</p>\r\n','2013-03-14 02:54:47','2013-03-16 09:01:18',1,1),(19,'test','<p>update</p>\r\n\r\n<p><img alt=\"pic\" src=\"/ckeditor_assets/pictures/1/content_002.jpg\" style=\"width: 800px; height: 533px;\" /></p>\r\n\r\n<p><img alt=\"github_cat\" src=\"/ckeditor_assets/pictures/2/content_baracktocat.jpg\" style=\"width: 800px; height: 800px;\" /></p>\r\n','2013-03-14 03:01:31','2013-03-14 03:05:58',1,1),(20,'11111111111111111111','<p>22222222222222222222222</p>\r\n\r\n<p>不错</p>\r\n','2013-03-14 03:17:00','2013-03-14 03:20:32',3,1),(21,'数字尾巴每周应用推荐--第三十七期','<p><font size=\"3\" style=\"color: rgb(0, 0, 0); font-family: arial, sans-serif; font-style: normal; font-variant: normal; font-weight: normal; letter-spacing: normal; line-height: normal; orphans: auto; text-align: start; text-indent: 0px; text-transform: none; white-space: normal; widows: auto; word-spacing: 0px; -webkit-text-size-adjust: auto; -webkit-text-stroke-width: 0px; background-color: rgb(255, 255, 255);\">三月中旬了，相信学生党们都早已进入了上学状态。joying作为学生党之一，也是被全满的课表压迫着。但作为学生，学习终归是最重要的，手机作为最便携的移动设备，怎能不为学习出一份力呢？所以这周的应用推荐，joying为大家带来了精美实用的学习工具类应用，希望在能为学生党们减少点学习的负担吧。</font><br style=\"color: rgb(0, 0, 0); font-family: arial, sans-serif; font-size: 13px; font-style: normal; font-variant: normal; font-weight: normal; letter-spacing: normal; line-height: normal; orphans: auto; text-align: start; text-indent: 0px; text-transform: none; white-space: normal; widows: auto; word-spacing: 0px; -webkit-text-size-adjust: auto; -webkit-text-stroke-width: 0px; background-color: rgb(255, 255, 255);\" />\r\n<br style=\"color: rgb(0, 0, 0); font-family: arial, sans-serif; font-size: 13px; font-style: normal; font-variant: normal; font-weight: normal; letter-spacing: normal; line-height: normal; orphans: auto; text-align: start; text-indent: 0px; text-transform: none; white-space: normal; widows: auto; word-spacing: 0px; -webkit-text-size-adjust: auto; -webkit-text-stroke-width: 0px; background-color: rgb(255, 255, 255);\" />\r\n<br style=\"color: rgb(0, 0, 0); font-family: arial, sans-serif; font-size: 13px; font-style: normal; font-variant: normal; font-weight: normal; letter-spacing: normal; line-height: normal; orphans: auto; text-align: start; text-indent: 0px; text-transform: none; white-space: normal; widows: auto; word-spacing: 0px; -webkit-text-size-adjust: auto; -webkit-text-stroke-width: 0px; background-color: rgb(255, 255, 255);\" />\r\n<font size=\"4\" style=\"color: rgb(0, 0, 0); font-family: arial, sans-serif; font-style: normal; font-variant: normal; font-weight: normal; letter-spacing: normal; line-height: normal; orphans: auto; text-align: start; text-indent: 0px; text-transform: none; white-space: normal; widows: auto; word-spacing: 0px; -webkit-text-size-adjust: auto; -webkit-text-stroke-width: 0px; background-color: rgb(255, 255, 255);\"><strong>今日课表</strong></font><br style=\"color: rgb(0, 0, 0); font-family: arial, sans-serif; font-size: 13px; font-style: normal; font-variant: normal; font-weight: normal; letter-spacing: normal; line-height: normal; orphans: auto; text-align: start; text-indent: 0px; text-transform: none; white-space: normal; widows: auto; word-spacing: 0px; -webkit-text-size-adjust: auto; -webkit-text-stroke-width: 0px; background-color: rgb(255, 255, 255);\" />\r\n&nbsp;</p>\r\n\r\n<hr style=\"color: rgb(0, 0, 0); font-family: arial, sans-serif; font-size: 13px; font-style: normal; font-variant: normal; font-weight: normal; letter-spacing: normal; line-height: normal; orphans: auto; text-align: start; text-indent: 0px; text-transform: none; white-space: normal; widows: auto; word-spacing: 0px; -webkit-text-size-adjust: auto; -webkit-text-stroke-width: 0px; background-color: rgb(255, 255, 255);\" />\r\n<p><br style=\"color: rgb(0, 0, 0); font-family: arial, sans-serif; font-size: 13px; font-style: normal; font-variant: normal; font-weight: normal; letter-spacing: normal; line-height: normal; orphans: auto; text-align: start; text-indent: 0px; text-transform: none; white-space: normal; widows: auto; word-spacing: 0px; -webkit-text-size-adjust: auto; -webkit-text-stroke-width: 0px; background-color: rgb(255, 255, 255);\" />\r\n<img alt=\"todayClass.png\" src=\"http://img.dgtle.com/forum/201303/09/184541xxj3al9jlqexagxq.png\" style=\"color: rgb(0, 0, 0); font-family: arial, sans-serif; font-size: 13px; font-style: normal; font-variant: normal; font-weight: normal; letter-spacing: normal; line-height: normal; orphans: auto; text-align: start; text-indent: 0px; text-transform: none; white-space: normal; widows: auto; word-spacing: 0px; -webkit-text-size-adjust: auto; -webkit-text-stroke-width: 0px; background-color: rgb(255, 255, 255);\" title=\"todayClass.png\" width=\"200\" /><br style=\"color: rgb(0, 0, 0); font-family: arial, sans-serif; font-size: 13px; font-style: normal; font-variant: normal; font-weight: normal; letter-spacing: normal; line-height: normal; orphans: auto; text-align: start; text-indent: 0px; text-transform: none; white-space: normal; widows: auto; word-spacing: 0px; -webkit-text-size-adjust: auto; -webkit-text-stroke-width: 0px; background-color: rgb(255, 255, 255);\" />\r\n<br style=\"color: rgb(0, 0, 0); font-family: arial, sans-serif; font-size: 13px; font-style: normal; font-variant: normal; font-weight: normal; letter-spacing: normal; line-height: normal; orphans: auto; text-align: start; text-indent: 0px; text-transform: none; white-space: normal; widows: auto; word-spacing: 0px; -webkit-text-size-adjust: auto; -webkit-text-stroke-width: 0px; background-color: rgb(255, 255, 255);\" />\r\n<font size=\"3\" style=\"color: rgb(0, 0, 0); font-family: arial, sans-serif; font-style: normal; font-variant: normal; font-weight: normal; letter-spacing: normal; line-height: normal; orphans: auto; text-align: start; text-indent: 0px; text-transform: none; white-space: normal; widows: auto; word-spacing: 0px; -webkit-text-size-adjust: auto; -webkit-text-stroke-width: 0px; background-color: rgb(255, 255, 255);\"><font color=\"#61676f\">应用名称：</font></font><font size=\"3\" style=\"color: rgb(0, 0, 0); font-family: arial, sans-serif; font-style: normal; font-variant: normal; font-weight: normal; letter-spacing: normal; line-height: normal; orphans: auto; text-align: start; text-indent: 0px; text-transform: none; white-space: normal; widows: auto; word-spacing: 0px; -webkit-text-size-adjust: auto; -webkit-text-stroke-width: 0px; background-color: rgb(255, 255, 255);\"><font color=\"#474747\"><strong>Today Class</strong></font></font><br style=\"color: rgb(0, 0, 0); font-family: arial, sans-serif; font-size: 13px; font-style: normal; font-variant: normal; font-weight: normal; letter-spacing: normal; line-height: normal; orphans: auto; text-align: start; text-indent: 0px; text-transform: none; white-space: normal; widows: auto; word-spacing: 0px; -webkit-text-size-adjust: auto; -webkit-text-stroke-width: 0px; background-color: rgb(255, 255, 255);\" />\r\n<font size=\"3\" style=\"color: rgb(0, 0, 0); font-family: arial, sans-serif; font-style: normal; font-variant: normal; font-weight: normal; letter-spacing: normal; line-height: normal; orphans: auto; text-align: start; text-indent: 0px; text-transform: none; white-space: normal; widows: auto; word-spacing: 0px; -webkit-text-size-adjust: auto; -webkit-text-stroke-width: 0px; background-color: rgb(255, 255, 255);\"><font color=\"#61676f\">应用厂商：</font></font><font size=\"3\" style=\"color: rgb(0, 0, 0); font-family: arial, sans-serif; font-style: normal; font-variant: normal; font-weight: normal; letter-spacing: normal; line-height: normal; orphans: auto; text-align: start; text-indent: 0px; text-transform: none; white-space: normal; widows: auto; word-spacing: 0px; -webkit-text-size-adjust: auto; -webkit-text-stroke-width: 0px; background-color: rgb(255, 255, 255);\"><font color=\"#595959\"><strong>ByungWook Kang</strong></font></font><br />\r\n<font color=\"#61676f\" style=\"font-family: arial, sans-serif; font-size: 13px; font-style: normal; font-variant: normal; font-weight: normal; letter-spacing: normal; line-height: normal; orphans: auto; text-align: start; text-indent: 0px; text-transform: none; white-space: normal; widows: auto; word-spacing: 0px; -webkit-text-size-adjust: auto; -webkit-text-stroke-width: 0px; background-color: rgb(255, 255, 255);\"><font size=\"3\">应用平台：</font></font><strong style=\"color: rgb(0, 0, 0); font-family: arial, sans-serif; font-size: 13px; font-style: normal; font-variant: normal; letter-spacing: normal; line-height: normal; orphans: auto; text-align: start; text-indent: 0px; text-transform: none; white-space: normal; widows: auto; word-spacing: 0px; -webkit-text-size-adjust: auto; -webkit-text-stroke-width: 0px; background-color: rgb(255, 255, 255);\">iOS</strong><br style=\"color: rgb(0, 0, 0); font-family: arial, sans-serif; font-size: 13px; font-style: normal; font-variant: normal; font-weight: normal; letter-spacing: normal; line-height: normal; orphans: auto; text-align: start; text-indent: 0px; text-transform: none; white-space: normal; widows: auto; word-spacing: 0px; -webkit-text-size-adjust: auto; -webkit-text-stroke-width: 0px; background-color: rgb(255, 255, 255);\" />\r\n<font size=\"3\" style=\"color: rgb(0, 0, 0); font-family: arial, sans-serif; font-style: normal; font-variant: normal; font-weight: normal; letter-spacing: normal; line-height: normal; orphans: auto; text-align: start; text-indent: 0px; text-transform: none; white-space: normal; widows: auto; word-spacing: 0px; -webkit-text-size-adjust: auto; -webkit-text-stroke-width: 0px; background-color: rgb(255, 255, 255);\"><font color=\"#61676f\">应用价格：</font></font><strong style=\"color: rgb(0, 0, 0); font-family: arial, sans-serif; font-size: 13px; font-style: normal; font-variant: normal; letter-spacing: normal; line-height: normal; orphans: auto; text-align: start; text-indent: 0px; text-transform: none; white-space: normal; widows: auto; word-spacing: 0px; -webkit-text-size-adjust: auto; -webkit-text-stroke-width: 0px; background-color: rgb(255, 255, 255);\"><font size=\"3\">￥6</font></strong><br style=\"color: rgb(0, 0, 0); font-family: arial, sans-serif; font-size: 13px; font-style: normal; font-variant: normal; font-weight: normal; letter-spacing: normal; line-height: normal; orphans: auto; text-align: start; text-indent: 0px; text-transform: none; white-space: normal; widows: auto; word-spacing: 0px; -webkit-text-size-adjust: auto; -webkit-text-stroke-width: 0px; background-color: rgb(255, 255, 255);\" />\r\n<font size=\"3\" style=\"color: rgb(0, 0, 0); font-family: arial, sans-serif; font-style: normal; font-variant: normal; font-weight: normal; letter-spacing: normal; line-height: normal; orphans: auto; text-align: start; text-indent: 0px; text-transform: none; white-space: normal; widows: auto; word-spacing: 0px; -webkit-text-size-adjust: auto; -webkit-text-stroke-width: 0px; background-color: rgb(255, 255, 255);\"><font color=\"#61676f\">下载地址：</font></font><a href=\"https://itunes.apple.com/cn/app/today-class/id607911034?mt=8\" style=\"color: rgb(17, 85, 204); font-family: arial, sans-serif; font-size: 13px; font-style: normal; font-variant: normal; font-weight: normal; letter-spacing: normal; line-height: normal; orphans: auto; text-align: start; text-indent: 0px; text-transform: none; white-space: normal; widows: auto; word-spacing: 0px; -webkit-text-size-adjust: auto; -webkit-text-stroke-width: 0px; background-color: rgb(255, 255, 255);\" target=\"_blank\"><font size=\"3\"><font color=\"#000000\"><strong>前往iTunes</strong></font></font></a><br style=\"color: rgb(0, 0, 0); font-family: arial, sans-serif; font-size: 13px; font-style: normal; font-variant: normal; font-weight: normal; letter-spacing: normal; line-height: normal; orphans: auto; text-align: start; text-indent: 0px; text-transform: none; white-space: normal; widows: auto; word-spacing: 0px; -webkit-text-size-adjust: auto; -webkit-text-stroke-width: 0px; background-color: rgb(255, 255, 255);\" />\r\n<br style=\"color: rgb(0, 0, 0); font-family: arial, sans-serif; font-size: 13px; font-style: normal; font-variant: normal; font-weight: normal; letter-spacing: normal; line-height: normal; orphans: auto; text-align: start; text-indent: 0px; text-transform: none; white-space: normal; widows: auto; word-spacing: 0px; -webkit-text-size-adjust: auto; -webkit-text-stroke-width: 0px; background-color: rgb(255, 255, 255);\" />\r\n<font size=\"3\" style=\"color: rgb(0, 0, 0); font-family: arial, sans-serif; font-style: normal; font-variant: normal; font-weight: normal; letter-spacing: normal; line-height: normal; orphans: auto; text-align: start; text-indent: 0px; text-transform: none; white-space: normal; widows: auto; word-spacing: 0px; -webkit-text-size-adjust: auto; -webkit-text-stroke-width: 0px; background-color: rgb(255, 255, 255);\">首先是一款新出的课表app，由启动画面和一些为完全本地化的韩文猜测应该是韩国人设计的，UI设计简洁而精美，实用性很高。语言为英文，不过都是些很容易理解的英文，不影响使用。</font><br style=\"color: rgb(0, 0, 0); font-family: arial, sans-serif; font-size: 13px; font-style: normal; font-variant: normal; font-weight: normal; letter-spacing: normal; line-height: normal; orphans: auto; text-align: start; text-indent: 0px; text-transform: none; white-space: normal; widows: auto; word-spacing: 0px; -webkit-text-size-adjust: auto; -webkit-text-stroke-width: 0px; background-color: rgb(255, 255, 255);\" />\r\n<br style=\"color: rgb(0, 0, 0); font-family: arial, sans-serif; font-size: 13px; font-style: normal; font-variant: normal; font-weight: normal; letter-spacing: normal; line-height: normal; orphans: auto; text-align: start; text-indent: 0px; text-transform: none; white-space: normal; widows: auto; word-spacing: 0px; -webkit-text-size-adjust: auto; -webkit-text-stroke-width: 0px; background-color: rgb(255, 255, 255);\" />\r\n<img alt=\"\" border=\"0\" src=\"http://img.dgtle.com/forum/201303/09/191841y4bh46zd6bgdl4tb.png\" style=\"color: rgb(0, 0, 0); font-family: arial, sans-serif; font-size: 13px; font-style: normal; font-variant: normal; font-weight: normal; letter-spacing: normal; line-height: normal; orphans: auto; text-align: start; text-indent: 0px; text-transform: none; white-space: normal; widows: auto; word-spacing: 0px; -webkit-text-size-adjust: auto; -webkit-text-stroke-width: 0px; background-color: rgb(255, 255, 255);\" /><br style=\"color: rgb(0, 0, 0); font-family: arial, sans-serif; font-size: 13px; font-style: normal; font-variant: normal; font-weight: normal; letter-spacing: normal; line-height: normal; orphans: auto; text-align: start; text-indent: 0px; text-transform: none; white-space: normal; widows: auto; word-spacing: 0px; -webkit-text-size-adjust: auto; -webkit-text-stroke-width: 0px; background-color: rgb(255, 255, 255);\" />\r\n<br style=\"color: rgb(0, 0, 0); font-family: arial, sans-serif; font-size: 13px; font-style: normal; font-variant: normal; font-weight: normal; letter-spacing: normal; line-height: normal; orphans: auto; text-align: start; text-indent: 0px; text-transform: none; white-space: normal; widows: auto; word-spacing: 0px; -webkit-text-size-adjust: auto; -webkit-text-stroke-width: 0px; background-color: rgb(255, 255, 255);\" />\r\n<font size=\"3\" style=\"color: rgb(0, 0, 0); font-family: arial, sans-serif; font-style: normal; font-variant: normal; font-weight: normal; letter-spacing: normal; line-height: normal; orphans: auto; text-align: start; text-indent: 0px; text-transform: none; white-space: normal; widows: auto; word-spacing: 0px; -webkit-text-size-adjust: auto; -webkit-text-stroke-width: 0px; background-color: rgb(255, 255, 255);\"><font color=\"#61676f\">▲从启动画面开始就很简洁了，主界面只显示今日要上的课，很独特的设计。不过坑爹的是，点击课程名称并不能显示详细信息，必须左滑到全部课程列表查看。</font></font><br style=\"color: rgb(0, 0, 0); font-family: arial, sans-serif; font-size: 13px; font-style: normal; font-variant: normal; font-weight: normal; letter-spacing: normal; line-height: normal; orphans: auto; text-align: start; text-indent: 0px; text-transform: none; white-space: normal; widows: auto; word-spacing: 0px; -webkit-text-size-adjust: auto; -webkit-text-stroke-width: 0px; background-color: rgb(255, 255, 255);\" />\r\n<br style=\"color: rgb(0, 0, 0); font-family: arial, sans-serif; font-size: 13px; font-style: normal; font-variant: normal; font-weight: normal; letter-spacing: normal; line-height: normal; orphans: auto; text-align: start; text-indent: 0px; text-transform: none; white-space: normal; widows: auto; word-spacing: 0px; -webkit-text-size-adjust: auto; -webkit-text-stroke-width: 0px; background-color: rgb(255, 255, 255);\" />\r\n<img alt=\"\" border=\"0\" height=\"448\" src=\"http://img.dgtle.com/forum/201303/09/191836josy923783kkewo5.png\" style=\"color: rgb(0, 0, 0); font-family: arial, sans-serif; font-size: 13px; font-style: normal; font-variant: normal; font-weight: normal; letter-spacing: normal; line-height: normal; orphans: auto; text-align: start; text-indent: 0px; text-transform: none; white-space: normal; widows: auto; word-spacing: 0px; -webkit-text-size-adjust: auto; -webkit-text-stroke-width: 0px; background-color: rgb(255, 255, 255);\" width=\"600\" /><br style=\"color: rgb(0, 0, 0); font-family: arial, sans-serif; font-size: 13px; font-style: normal; font-variant: normal; font-weight: normal; letter-spacing: normal; line-height: normal; orphans: auto; text-align: start; text-indent: 0px; text-transform: none; white-space: normal; widows: auto; word-spacing: 0px; -webkit-text-size-adjust: auto; -webkit-text-stroke-width: 0px; background-color: rgb(255, 255, 255);\" />\r\n<br style=\"color: rgb(0, 0, 0); font-family: arial, sans-serif; font-size: 13px; font-style: normal; font-variant: normal; font-weight: normal; letter-spacing: normal; line-height: normal; orphans: auto; text-align: start; text-indent: 0px; text-transform: none; white-space: normal; widows: auto; word-spacing: 0px; -webkit-text-size-adjust: auto; -webkit-text-stroke-width: 0px; background-color: rgb(255, 255, 255);\" />\r\n<font color=\"#61676f\" style=\"font-family: arial, sans-serif; font-size: 13px; font-style: normal; font-variant: normal; font-weight: normal; letter-spacing: normal; line-height: normal; orphans: auto; text-align: start; text-indent: 0px; text-transform: none; white-space: normal; widows: auto; word-spacing: 0px; -webkit-text-size-adjust: auto; -webkit-text-stroke-width: 0px; background-color: rgb(255, 255, 255);\"><font size=\"3\">▲全部课程列表，背景色和课程颜色可换，在设置里面设置即可，不过背景色只有黑白双色可选。（-_-|||)全满的课表伤不起啊。。。</font></font><br style=\"color: rgb(0, 0, 0); font-family: arial, sans-serif; font-size: 13px; font-style: normal; font-variant: normal; font-weight: normal; letter-spacing: normal; line-height: normal; orphans: auto; text-align: start; text-indent: 0px; text-transform: none; white-space: normal; widows: auto; word-spacing: 0px; -webkit-text-size-adjust: auto; -webkit-text-stroke-width: 0px; background-color: rgb(255, 255, 255);\" />\r\n<br style=\"color: rgb(0, 0, 0); font-family: arial, sans-serif; font-size: 13px; font-style: normal; font-variant: normal; font-weight: normal; letter-spacing: normal; line-height: normal; orphans: auto; text-align: start; text-indent: 0px; text-transform: none; white-space: normal; widows: auto; word-spacing: 0px; -webkit-text-size-adjust: auto; -webkit-text-stroke-width: 0px; background-color: rgb(255, 255, 255);\" />\r\n<img alt=\"\" border=\"0\" height=\"448\" src=\"http://img.dgtle.com/forum/201303/09/191835usahzhh4hsfy4yhn.png\" style=\"color: rgb(0, 0, 0); font-family: arial, sans-serif; font-size: 13px; font-style: normal; font-variant: normal; font-weight: normal; letter-spacing: normal; line-height: normal; orphans: auto; text-align: start; text-indent: 0px; text-transform: none; white-space: normal; widows: auto; word-spacing: 0px; -webkit-text-size-adjust: auto; -webkit-text-stroke-width: 0px; background-color: rgb(255, 255, 255);\" width=\"600\" /><br style=\"color: rgb(0, 0, 0); font-family: arial, sans-serif; font-size: 13px; font-style: normal; font-variant: normal; font-weight: normal; letter-spacing: normal; line-height: normal; orphans: auto; text-align: start; text-indent: 0px; text-transform: none; white-space: normal; widows: auto; word-spacing: 0px; -webkit-text-size-adjust: auto; -webkit-text-stroke-width: 0px; background-color: rgb(255, 255, 255);\" />\r\n<br style=\"color: rgb(0, 0, 0); font-family: arial, sans-serif; font-size: 13px; font-style: normal; font-variant: normal; font-weight: normal; letter-spacing: normal; line-height: normal; orphans: auto; text-align: start; text-indent: 0px; text-transform: none; white-space: normal; widows: auto; word-spacing: 0px; -webkit-text-size-adjust: auto; -webkit-text-stroke-width: 0px; background-color: rgb(255, 255, 255);\" />\r\n<font color=\"#61676f\" style=\"font-family: arial, sans-serif; font-size: 13px; font-style: normal; font-variant: normal; font-weight: normal; letter-spacing: normal; line-height: normal; orphans: auto; text-align: start; text-indent: 0px; text-transform: none; white-space: normal; widows: auto; word-spacing: 0px; -webkit-text-size-adjust: auto; -webkit-text-stroke-width: 0px; background-color: rgb(255, 255, 255);\"><font size=\"3\">▲在全部课程页面的左上角有个锁，点击解锁后便可对课表进行编辑。</font></font><br style=\"color: rgb(0, 0, 0); font-family: arial, sans-serif; font-size: 13px; font-style: normal; font-variant: normal; font-weight: normal; letter-spacing: normal; line-height: normal; orphans: auto; text-align: start; text-indent: 0px; text-transform: none; white-space: normal; widows: auto; word-spacing: 0px; -webkit-text-size-adjust: auto; -webkit-text-stroke-width: 0px; background-color: rgb(255, 255, 255);\" />\r\n<br style=\"color: rgb(0, 0, 0); font-family: arial, sans-serif; font-size: 13px; font-style: normal; font-variant: normal; font-weight: normal; letter-spacing: normal; line-height: normal; orphans: auto; text-align: start; text-indent: 0px; text-transform: none; white-space: normal; widows: auto; word-spacing: 0px; -webkit-text-size-adjust: auto; -webkit-text-stroke-width: 0px; background-color: rgb(255, 255, 255);\" />\r\n<img alt=\"\" border=\"0\" height=\"448\" src=\"http://img.dgtle.com/forum/201303/09/191833ahuzduu5bdlhh8v9.png\" style=\"color: rgb(0, 0, 0); font-family: arial, sans-serif; font-size: 13px; font-style: normal; font-variant: normal; font-weight: normal; letter-spacing: normal; line-height: normal; orphans: auto; text-align: start; text-indent: 0px; text-transform: none; white-space: normal; widows: auto; word-spacing: 0px; -webkit-text-size-adjust: auto; -webkit-text-stroke-width: 0px; background-color: rgb(255, 255, 255);\" width=\"600\" /><br style=\"color: rgb(0, 0, 0); font-family: arial, sans-serif; font-size: 13px; font-style: normal; font-variant: normal; font-weight: normal; letter-spacing: normal; line-height: normal; orphans: auto; text-align: start; text-indent: 0px; text-transform: none; white-space: normal; widows: auto; word-spacing: 0px; -webkit-text-size-adjust: auto; -webkit-text-stroke-width: 0px; background-color: rgb(255, 255, 255);\" />\r\n<br style=\"color: rgb(0, 0, 0); font-family: arial, sans-serif; font-size: 13px; font-style: normal; font-variant: normal; font-weight: normal; letter-spacing: normal; line-height: normal; orphans: auto; text-align: start; text-indent: 0px; text-transform: none; white-space: normal; widows: auto; word-spacing: 0px; -webkit-text-size-adjust: auto; -webkit-text-stroke-width: 0px; background-color: rgb(255, 255, 255);\" />\r\n<font color=\"#61676f\" style=\"font-family: arial, sans-serif; font-size: 13px; font-style: normal; font-variant: normal; font-weight: normal; letter-spacing: normal; line-height: normal; orphans: auto; text-align: start; text-indent: 0px; text-transform: none; white-space: normal; widows: auto; word-spacing: 0px; -webkit-text-size-adjust: auto; -webkit-text-stroke-width: 0px; background-color: rgb(255, 255, 255);\"><font size=\"3\">▲点击课程便可进行新建和修改，这里坑爹的是弹出框没有翻译好，按钮位置还是韩文，不过可拆除左边按钮为修改，右边按钮为删除。</font></font><br style=\"color: rgb(0, 0, 0); font-family: arial, sans-serif; font-size: 13px; font-style: normal; font-variant: normal; font-weight: normal; letter-spacing: normal; line-height: normal; orphans: auto; text-align: start; text-indent: 0px; text-transform: none; white-space: normal; widows: auto; word-spacing: 0px; -webkit-text-size-adjust: auto; -webkit-text-stroke-width: 0px; background-color: rgb(255, 255, 255);\" />\r\n<br style=\"color: rgb(0, 0, 0); font-family: arial, sans-serif; font-size: 13px; font-style: normal; font-variant: normal; font-weight: normal; letter-spacing: normal; line-height: normal; orphans: auto; text-align: start; text-indent: 0px; text-transform: none; white-space: normal; widows: auto; word-spacing: 0px; -webkit-text-size-adjust: auto; -webkit-text-stroke-width: 0px; background-color: rgb(255, 255, 255);\" />\r\n<img alt=\"\" border=\"0\" height=\"448\" src=\"http://img.dgtle.com/forum/201303/09/191837k6u74pw764usapjs.png\" style=\"color: rgb(0, 0, 0); font-family: arial, sans-serif; font-size: 13px; font-style: normal; font-variant: normal; font-weight: normal; letter-spacing: normal; line-height: normal; orphans: auto; text-align: start; text-indent: 0px; text-transform: none; white-space: normal; widows: auto; word-spacing: 0px; -webkit-text-size-adjust: auto; -webkit-text-stroke-width: 0px; background-color: rgb(255, 255, 255);\" width=\"600\" /><br style=\"color: rgb(0, 0, 0); font-family: arial, sans-serif; font-size: 13px; font-style: normal; font-variant: normal; font-weight: normal; letter-spacing: normal; line-height: normal; orphans: auto; text-align: start; text-indent: 0px; text-transform: none; white-space: normal; widows: auto; word-spacing: 0px; -webkit-text-size-adjust: auto; -webkit-text-stroke-width: 0px; background-color: rgb(255, 255, 255);\" />\r\n<br style=\"color: rgb(0, 0, 0); font-family: arial, sans-serif; font-size: 13px; font-style: normal; font-variant: normal; font-weight: normal; letter-spacing: normal; line-height: normal; orphans: auto; text-align: start; text-indent: 0px; text-transform: none; white-space: normal; widows: auto; word-spacing: 0px; -webkit-text-size-adjust: auto; -webkit-text-stroke-width: 0px; background-color: rgb(255, 255, 255);\" />\r\n<font color=\"#61676f\" style=\"font-family: arial, sans-serif; font-size: 13px; font-style: normal; font-variant: normal; font-weight: normal; letter-spacing: normal; line-height: normal; orphans: auto; text-align: start; text-indent: 0px; text-transform: none; white-space: normal; widows: auto; word-spacing: 0px; -webkit-text-size-adjust: auto; -webkit-text-stroke-width: 0px; background-color: rgb(255, 255, 255);\"><font size=\"3\">▲在主界面点击加号会显示其它功能，可在此处分享课程表或对背景图片进行修改。</font></font><br style=\"color: rgb(0, 0, 0); font-family: arial, sans-serif; font-size: 13px; font-style: normal; font-variant: normal; font-weight: normal; letter-spacing: normal; line-height: normal; orphans: auto; text-align: start; text-indent: 0px; text-transform: none; white-space: normal; widows: auto; word-spacing: 0px; -webkit-text-size-adjust: auto; -webkit-text-stroke-width: 0px; background-color: rgb(255, 255, 255);\" />\r\n<br style=\"color: rgb(0, 0, 0); font-family: arial, sans-serif; font-size: 13px; font-style: normal; font-variant: normal; font-weight: normal; letter-spacing: normal; line-height: normal; orphans: auto; text-align: start; text-indent: 0px; text-transform: none; white-space: normal; widows: auto; word-spacing: 0px; -webkit-text-size-adjust: auto; -webkit-text-stroke-width: 0px; background-color: rgb(255, 255, 255);\" />\r\n<img alt=\"\" border=\"0\" height=\"448\" src=\"http://img.dgtle.com/forum/201303/09/191844a92at8sbbgoas44s.png\" style=\"color: rgb(0, 0, 0); font-family: arial, sans-serif; font-size: 13px; font-style: normal; font-variant: normal; font-weight: normal; letter-spacing: normal; line-height: normal; orphans: auto; text-align: start; text-indent: 0px; text-transform: none; white-space: normal; widows: auto; word-spacing: 0px; -webkit-text-size-adjust: auto; -webkit-text-stroke-width: 0px; background-color: rgb(255, 255, 255);\" width=\"600\" /><br style=\"color: rgb(0, 0, 0); font-family: arial, sans-serif; font-size: 13px; font-style: normal; font-variant: normal; font-weight: normal; letter-spacing: normal; line-height: normal; orphans: auto; text-align: start; text-indent: 0px; text-transform: none; white-space: normal; widows: auto; word-spacing: 0px; -webkit-text-size-adjust: auto; -webkit-text-stroke-width: 0px; background-color: rgb(255, 255, 255);\" />\r\n<br style=\"color: rgb(0, 0, 0); font-family: arial, sans-serif; font-size: 13px; font-style: normal; font-variant: normal; font-weight: normal; letter-spacing: normal; line-height: normal; orphans: auto; text-align: start; text-indent: 0px; text-transform: none; white-space: normal; widows: auto; word-spacing: 0px; -webkit-text-size-adjust: auto; -webkit-text-stroke-width: 0px; background-color: rgb(255, 255, 255);\" />\r\n<font color=\"#61676f\" style=\"font-family: arial, sans-serif; font-size: 13px; font-style: normal; font-variant: normal; font-weight: normal; letter-spacing: normal; line-height: normal; orphans: auto; text-align: start; text-indent: 0px; text-transform: none; white-space: normal; widows: auto; word-spacing: 0px; -webkit-text-size-adjust: auto; -webkit-text-stroke-width: 0px; background-color: rgb(255, 255, 255);\"><font size=\"3\">▲设置界面，可在此处修改课程表背景色、课程数和每个星期的最后一天。</font></font><br style=\"color: rgb(0, 0, 0); font-family: arial, sans-serif; font-size: 13px; font-style: normal; font-variant: normal; font-weight: normal; letter-spacing: normal; line-height: normal; orphans: auto; text-align: start; text-indent: 0px; text-transform: none; white-space: normal; widows: auto; word-spacing: 0px; -webkit-text-size-adjust: auto; -webkit-text-stroke-width: 0px; background-color: rgb(255, 255, 255);\" />\r\n<br style=\"color: rgb(0, 0, 0); font-family: arial, sans-serif; font-size: 13px; font-style: normal; font-variant: normal; font-weight: normal; letter-spacing: normal; line-height: normal; orphans: auto; text-align: start; text-indent: 0px; text-transform: none; white-space: normal; widows: auto; word-spacing: 0px; -webkit-text-size-adjust: auto; -webkit-text-stroke-width: 0px; background-color: rgb(255, 255, 255);\" />\r\n<img alt=\"\" border=\"0\" height=\"448\" src=\"http://img.dgtle.com/forum/201303/09/191832ylkxyyy03dkllp0z.png\" style=\"color: rgb(0, 0, 0); font-family: arial, sans-serif; font-size: 13px; font-style: normal; font-variant: normal; font-weight: normal; letter-spacing: normal; line-height: normal; orphans: auto; text-align: start; text-indent: 0px; text-transform: none; white-space: normal; widows: auto; word-spacing: 0px; -webkit-text-size-adjust: auto; -webkit-text-stroke-width: 0px; background-color: rgb(255, 255, 255);\" width=\"600\" /><br style=\"color: rgb(0, 0, 0); font-family: arial, sans-serif; font-size: 13px; font-style: normal; font-variant: normal; font-weight: normal; letter-spacing: normal; line-height: normal; orphans: auto; text-align: start; text-indent: 0px; text-transform: none; white-space: normal; widows: auto; word-spacing: 0px; -webkit-text-size-adjust: auto; -webkit-text-stroke-width: 0px; background-color: rgb(255, 255, 255);\" />\r\n<br style=\"color: rgb(0, 0, 0); font-family: arial, sans-serif; font-size: 13px; font-style: normal; font-variant: normal; font-weight: normal; letter-spacing: normal; line-height: normal; orphans: auto; text-align: start; text-indent: 0px; text-transform: none; white-space: normal; widows: auto; word-spacing: 0px; -webkit-text-size-adjust: auto; -webkit-text-stroke-width: 0px; background-color: rgb(255, 255, 255);\" />\r\n<font color=\"#61676f\" style=\"font-family: arial, sans-serif; font-size: 13px; font-style: normal; font-variant: normal; font-weight: normal; letter-spacing: normal; line-height: normal; orphans: auto; text-align: start; text-indent: 0px; text-transform: none; white-space: normal; widows: auto; word-spacing: 0px; -webkit-text-size-adjust: auto; -webkit-text-stroke-width: 0px; background-color: rgb(255, 255, 255);\"><font size=\"3\">▲帮助界面，可在此处查看一些使用和编辑技巧，不过教程为韩文，同样坑爹。</font></font><br style=\"color: rgb(0, 0, 0); font-family: arial, sans-serif; font-size: 13px; font-style: normal; font-variant: normal; font-weight: normal; letter-spacing: normal; line-height: normal; orphans: auto; text-align: start; text-indent: 0px; text-transform: none; white-space: normal; widows: auto; word-spacing: 0px; -webkit-text-size-adjust: auto; -webkit-text-stroke-width: 0px; background-color: rgb(255, 255, 255);\" />\r\n<br style=\"color: rgb(0, 0, 0); font-family: arial, sans-serif; font-size: 13px; font-style: normal; font-variant: normal; font-weight: normal; letter-spacing: normal; line-height: normal; orphans: auto; text-align: start; text-indent: 0px; text-transform: none; white-space: normal; widows: auto; word-spacing: 0px; -webkit-text-size-adjust: auto; -webkit-text-stroke-width: 0px; background-color: rgb(255, 255, 255);\" />\r\n<br style=\"color: rgb(0, 0, 0); font-family: arial, sans-serif; font-size: 13px; font-style: normal; font-variant: normal; font-weight: normal; letter-spacing: normal; line-height: normal; orphans: auto; text-align: start; text-indent: 0px; text-transform: none; white-space: normal; widows: auto; word-spacing: 0px; -webkit-text-size-adjust: auto; -webkit-text-stroke-width: 0px; background-color: rgb(255, 255, 255);\" />\r\n<font size=\"4\" style=\"color: rgb(0, 0, 0); font-family: arial, sans-serif; font-style: normal; font-variant: normal; font-weight: normal; letter-spacing: normal; line-height: normal; orphans: auto; text-align: start; text-indent: 0px; text-transform: none; white-space: normal; widows: auto; word-spacing: 0px; -webkit-text-size-adjust: auto; -webkit-text-stroke-width: 0px; background-color: rgb(255, 255, 255);\"><strong>方程助手</strong></font></p>\r\n\r\n<hr style=\"color: rgb(0, 0, 0); font-family: arial, sans-serif; font-size: 13px; font-style: normal; font-variant: normal; font-weight: normal; letter-spacing: normal; line-height: normal; orphans: auto; text-align: start; text-indent: 0px; text-transform: none; white-space: normal; widows: auto; word-spacing: 0px; -webkit-text-size-adjust: auto; -webkit-text-stroke-width: 0px; background-color: rgb(255, 255, 255);\" />\r\n<p><br style=\"color: rgb(0, 0, 0); font-family: arial, sans-serif; font-size: 13px; font-style: normal; font-variant: normal; font-weight: normal; letter-spacing: normal; line-height: normal; orphans: auto; text-align: start; text-indent: 0px; text-transform: none; white-space: normal; widows: auto; word-spacing: 0px; -webkit-text-size-adjust: auto; -webkit-text-stroke-width: 0px; background-color: rgb(255, 255, 255);\" />\r\n<img alt=\"equationHelper.png\" src=\"http://img.dgtle.com/forum/201303/09/184540bhtkgpkeh8pwk610.png\" style=\"color: rgb(0, 0, 0); font-family: arial, sans-serif; font-size: 13px; font-style: normal; font-variant: normal; font-weight: normal; letter-spacing: normal; line-height: normal; orphans: auto; text-align: start; text-indent: 0px; text-transform: none; white-space: normal; widows: auto; word-spacing: 0px; -webkit-text-size-adjust: auto; -webkit-text-stroke-width: 0px; background-color: rgb(255, 255, 255);\" title=\"equationHelper.png\" width=\"200\" /><br style=\"color: rgb(0, 0, 0); font-family: arial, sans-serif; font-size: 13px; font-style: normal; font-variant: normal; font-weight: normal; letter-spacing: normal; line-height: normal; orphans: auto; text-align: start; text-indent: 0px; text-transform: none; white-space: normal; widows: auto; word-spacing: 0px; -webkit-text-size-adjust: auto; -webkit-text-stroke-width: 0px; background-color: rgb(255, 255, 255);\" />\r\n<br style=\"color: rgb(0, 0, 0); font-family: arial, sans-serif; font-size: 13px; font-style: normal; font-variant: normal; font-weight: normal; letter-spacing: normal; line-height: normal; orphans: auto; text-align: start; text-indent: 0px; text-transform: none; white-space: normal; widows: auto; word-spacing: 0px; -webkit-text-size-adjust: auto; -webkit-text-stroke-width: 0px; background-color: rgb(255, 255, 255);\" />\r\n<font size=\"3\" style=\"color: rgb(0, 0, 0); font-family: arial, sans-serif; font-style: normal; font-variant: normal; font-weight: normal; letter-spacing: normal; line-height: normal; orphans: auto; text-align: start; text-indent: 0px; text-transform: none; white-space: normal; widows: auto; word-spacing: 0px; -webkit-text-size-adjust: auto; -webkit-text-stroke-width: 0px; background-color: rgb(255, 255, 255);\"><font color=\"#61676f\">应用名称：</font></font><font size=\"3\" style=\"color: rgb(0, 0, 0); font-family: arial, sans-serif; font-style: normal; font-variant: normal; font-weight: normal; letter-spacing: normal; line-height: normal; orphans: auto; text-align: start; text-indent: 0px; text-transform: none; white-space: normal; widows: auto; word-spacing: 0px; -webkit-text-size-adjust: auto; -webkit-text-stroke-width: 0px; background-color: rgb(255, 255, 255);\"><font color=\"#474747\"><strong>方程助手 2.0</strong></font></font><br style=\"color: rgb(0, 0, 0); font-family: arial, sans-serif; font-size: 13px; font-style: normal; font-variant: normal; font-weight: normal; letter-spacing: normal; line-height: normal; orphans: auto; text-align: start; text-indent: 0px; text-transform: none; white-space: normal; widows: auto; word-spacing: 0px; -webkit-text-size-adjust: auto; -webkit-text-stroke-width: 0px; background-color: rgb(255, 255, 255);\" />\r\n<font size=\"3\" style=\"color: rgb(0, 0, 0); font-family: arial, sans-serif; font-style: normal; font-variant: normal; font-weight: normal; letter-spacing: normal; line-height: normal; orphans: auto; text-align: start; text-indent: 0px; text-transform: none; white-space: normal; widows: auto; word-spacing: 0px; -webkit-text-size-adjust: auto; -webkit-text-stroke-width: 0px; background-color: rgb(255, 255, 255);\"><font color=\"#61676f\">应用厂商：</font></font><strong style=\"color: rgb(0, 0, 0); font-family: arial, sans-serif; font-size: 13px; font-style: normal; font-variant: normal; letter-spacing: normal; line-height: normal; orphans: auto; text-align: start; text-indent: 0px; text-transform: none; white-space: normal; widows: auto; word-spacing: 0px; -webkit-text-size-adjust: auto; -webkit-text-stroke-width: 0px; background-color: rgb(255, 255, 255);\"><font size=\"3\">BIQUN CHEN</font></strong><br style=\"color: rgb(0, 0, 0); font-family: arial, sans-serif; font-size: 13px; font-style: normal; font-variant: normal; font-weight: normal; letter-spacing: normal; line-height: normal; orphans: auto; text-align: start; text-indent: 0px; text-transform: none; white-space: normal; widows: auto; word-spacing: 0px; -webkit-text-size-adjust: auto; -webkit-text-stroke-width: 0px; background-color: rgb(255, 255, 255);\" />\r\n<font color=\"#61676f\" style=\"font-family: arial, sans-serif; font-size: 13px; font-style: normal; font-variant: normal; font-weight: normal; letter-spacing: normal; line-height: normal; orphans: auto; text-align: start; text-indent: 0px; text-transform: none; white-space: normal; widows: auto; word-spacing: 0px; -webkit-text-size-adjust: auto; -webkit-text-stroke-width: 0px; background-color: rgb(255, 255, 255);\"><font size=\"3\">应用平台：</font></font><strong style=\"color: rgb(0, 0, 0); font-family: arial, sans-serif; font-size: 13px; font-style: normal; font-variant: normal; letter-spacing: normal; line-height: normal; orphans: auto; text-align: start; text-indent: 0px; text-transform: none; white-space: normal; widows: auto; word-spacing: 0px; -webkit-text-size-adjust: auto; -webkit-text-stroke-width: 0px; background-color: rgb(255, 255, 255);\">iOS</strong><br style=\"color: rgb(0, 0, 0); font-family: arial, sans-serif; font-size: 13px; font-style: normal; font-variant: normal; font-weight: normal; letter-spacing: normal; line-height: normal; orphans: auto; text-align: start; text-indent: 0px; text-transform: none; white-space: normal; widows: auto; word-spacing: 0px; -webkit-text-size-adjust: auto; -webkit-text-stroke-width: 0px; background-color: rgb(255, 255, 255);\" />\r\n<font size=\"3\" style=\"color: rgb(0, 0, 0); font-family: arial, sans-serif; font-style: normal; font-variant: normal; font-weight: normal; letter-spacing: normal; line-height: normal; orphans: auto; text-align: start; text-indent: 0px; text-transform: none; white-space: normal; widows: auto; word-spacing: 0px; -webkit-text-size-adjust: auto; -webkit-text-stroke-width: 0px; background-color: rgb(255, 255, 255);\"><font color=\"#61676f\">应用价格：</font></font><font size=\"3\" style=\"color: rgb(0, 0, 0); font-family: arial, sans-serif; font-style: normal; font-variant: normal; font-weight: normal; letter-spacing: normal; line-height: normal; orphans: auto; text-align: start; text-indent: 0px; text-transform: none; white-space: normal; widows: auto; word-spacing: 0px; -webkit-text-size-adjust: auto; -webkit-text-stroke-width: 0px; background-color: rgb(255, 255, 255);\"><font color=\"#61676f\"><strong>免费</strong></font></font><br style=\"color: rgb(0, 0, 0); font-family: arial, sans-serif; font-size: 13px; font-style: normal; font-variant: normal; font-weight: normal; letter-spacing: normal; line-height: normal; orphans: auto; text-align: start; text-indent: 0px; text-transform: none; white-space: normal; widows: auto; word-spacing: 0px; -webkit-text-size-adjust: auto; -webkit-text-stroke-width: 0px; background-color: rgb(255, 255, 255);\" />\r\n<font size=\"3\" style=\"color: rgb(0, 0, 0); font-family: arial, sans-serif; font-style: normal; font-variant: normal; font-weight: normal; letter-spacing: normal; line-height: normal; orphans: auto; text-align: start; text-indent: 0px; text-transform: none; white-space: normal; widows: auto; word-spacing: 0px; -webkit-text-size-adjust: auto; -webkit-text-stroke-width: 0px; background-color: rgb(255, 255, 255);\"><font color=\"#61676f\">下载地址：</font></font><strong style=\"color: rgb(0, 0, 0); font-family: arial, sans-serif; font-size: 13px; font-style: normal; font-variant: normal; letter-spacing: normal; line-height: normal; orphans: auto; text-align: start; text-indent: 0px; text-transform: none; white-space: normal; widows: auto; word-spacing: 0px; -webkit-text-size-adjust: auto; -webkit-text-stroke-width: 0px; background-color: rgb(255, 255, 255);\"><font size=\"3\"><font color=\"#000000\"><a href=\"https://itunes.apple.com/cn/app/fang-cheng-zhu-shou-2.0/id516926898?mt=8\" style=\"color: rgb(17, 85, 204);\" target=\"_blank\">前往iTunes</a></font></font></strong><br style=\"color: rgb(0, 0, 0); font-family: arial, sans-serif; font-size: 13px; font-style: normal; font-variant: normal; font-weight: normal; letter-spacing: normal; line-height: normal; orphans: auto; text-align: start; text-indent: 0px; text-transform: none; white-space: normal; widows: auto; word-spacing: 0px; -webkit-text-size-adjust: auto; -webkit-text-stroke-width: 0px; background-color: rgb(255, 255, 255);\" />\r\n<br style=\"color: rgb(0, 0, 0); font-family: arial, sans-serif; font-size: 13px; font-style: normal; font-variant: normal; font-weight: normal; letter-spacing: normal; line-height: normal; orphans: auto; text-align: start; text-indent: 0px; text-transform: none; white-space: normal; widows: auto; word-spacing: 0px; -webkit-text-size-adjust: auto; -webkit-text-stroke-width: 0px; background-color: rgb(255, 255, 255);\" />\r\n<font size=\"3\" style=\"color: rgb(0, 0, 0); font-family: arial, sans-serif; font-style: normal; font-variant: normal; font-weight: normal; letter-spacing: normal; line-height: normal; orphans: auto; text-align: start; text-indent: 0px; text-transform: none; white-space: normal; widows: auto; word-spacing: 0px; -webkit-text-size-adjust: auto; -webkit-text-stroke-width: 0px; background-color: rgb(255, 255, 255);\">一款实用的数学工具app，数学苦手的救星，帮助你解决方程和三角函数等的计算问题。</font><br style=\"color: rgb(0, 0, 0); font-family: arial, sans-serif; font-size: 13px; font-style: normal; font-variant: normal; font-weight: normal; letter-spacing: normal; line-height: normal; orphans: auto; text-align: start; text-indent: 0px; text-transform: none; white-space: normal; widows: auto; word-spacing: 0px; -webkit-text-size-adjust: auto; -webkit-text-stroke-width: 0px; background-color: rgb(255, 255, 255);\" />\r\n<br style=\"color: rgb(0, 0, 0); font-family: arial, sans-serif; font-size: 13px; font-style: normal; font-variant: normal; font-weight: normal; letter-spacing: normal; line-height: normal; orphans: auto; text-align: start; text-indent: 0px; text-transform: none; white-space: normal; widows: auto; word-spacing: 0px; -webkit-text-size-adjust: auto; -webkit-text-stroke-width: 0px; background-color: rgb(255, 255, 255);\" />\r\n<img alt=\"\" border=\"0\" height=\"448\" src=\"http://img.dgtle.com/forum/201303/09/194448eks6xosujcx5oox6.png\" style=\"color: rgb(0, 0, 0); font-family: arial, sans-serif; font-size: 13px; font-style: normal; font-variant: normal; font-weight: normal; letter-spacing: normal; line-height: normal; orphans: auto; text-align: start; text-indent: 0px; text-transform: none; white-space: normal; widows: auto; word-spacing: 0px; -webkit-text-size-adjust: auto; -webkit-text-stroke-width: 0px; background-color: rgb(255, 255, 255);\" width=\"600\" /><br style=\"color: rgb(0, 0, 0); font-family: arial, sans-serif; font-size: 13px; font-style: normal; font-variant: normal; font-weight: normal; letter-spacing: normal; line-height: normal; orphans: auto; text-align: start; text-indent: 0px; text-transform: none; white-space: normal; widows: auto; word-spacing: 0px; -webkit-text-size-adjust: auto; -webkit-text-stroke-width: 0px; background-color: rgb(255, 255, 255);\" />\r\n<br style=\"color: rgb(0, 0, 0); font-family: arial, sans-serif; font-size: 13px; font-style: normal; font-variant: normal; font-weight: normal; letter-spacing: normal; line-height: normal; orphans: auto; text-align: start; text-indent: 0px; text-transform: none; white-space: normal; widows: auto; word-spacing: 0px; -webkit-text-size-adjust: auto; -webkit-text-stroke-width: 0px; background-color: rgb(255, 255, 255);\" />\r\n<font color=\"#61676f\" style=\"font-family: arial, sans-serif; font-size: 13px; font-style: normal; font-variant: normal; font-weight: normal; letter-spacing: normal; line-height: normal; orphans: auto; text-align: start; text-indent: 0px; text-transform: none; white-space: normal; widows: auto; word-spacing: 0px; -webkit-text-size-adjust: auto; -webkit-text-stroke-width: 0px; background-color: rgb(255, 255, 255);\"><font size=\"3\">▲启动画面和主画面，功能一目了然。</font></font><br style=\"color: rgb(0, 0, 0); font-family: arial, sans-serif; font-size: 13px; font-style: normal; font-variant: normal; font-weight: normal; letter-spacing: normal; line-height: normal; orphans: auto; text-align: start; text-indent: 0px; text-transform: none; white-space: normal; widows: auto; word-spacing: 0px; -webkit-text-size-adjust: auto; -webkit-text-stroke-width: 0px; background-color: rgb(255, 255, 255);\" />\r\n<br style=\"color: rgb(0, 0, 0); font-family: arial, sans-serif; font-size: 13px; font-style: normal; font-variant: normal; font-weight: normal; letter-spacing: normal; line-height: normal; orphans: auto; text-align: start; text-indent: 0px; text-transform: none; white-space: normal; widows: auto; word-spacing: 0px; -webkit-text-size-adjust: auto; -webkit-text-stroke-width: 0px; background-color: rgb(255, 255, 255);\" />\r\n<img alt=\"\" border=\"0\" height=\"448\" src=\"http://img.dgtle.com/forum/201303/09/194444t74mkz7mmrjlomim.png\" style=\"color: rgb(0, 0, 0); font-family: arial, sans-serif; font-size: 13px; font-style: normal; font-variant: normal; font-weight: normal; letter-spacing: normal; line-height: normal; orphans: auto; text-align: start; text-indent: 0px; text-transform: none; white-space: normal; widows: auto; word-spacing: 0px; -webkit-text-size-adjust: auto; -webkit-text-stroke-width: 0px; background-color: rgb(255, 255, 255);\" width=\"600\" /><br style=\"color: rgb(0, 0, 0); font-family: arial, sans-serif; font-size: 13px; font-style: normal; font-variant: normal; font-weight: normal; letter-spacing: normal; line-height: normal; orphans: auto; text-align: start; text-indent: 0px; text-transform: none; white-space: normal; widows: auto; word-spacing: 0px; -webkit-text-size-adjust: auto; -webkit-text-stroke-width: 0px; background-color: rgb(255, 255, 255);\" />\r\n<br style=\"color: rgb(0, 0, 0); font-family: arial, sans-serif; font-size: 13px; font-style: normal; font-variant: normal; font-weight: normal; letter-spacing: normal; line-height: normal; orphans: auto; text-align: start; text-indent: 0px; text-transform: none; white-space: normal; widows: auto; word-spacing: 0px; -webkit-text-size-adjust: auto; -webkit-text-stroke-width: 0px; background-color: rgb(255, 255, 255);\" />\r\n<font color=\"#61676f\" style=\"font-family: arial, sans-serif; font-size: 13px; font-style: normal; font-variant: normal; font-weight: normal; letter-spacing: normal; line-height: normal; orphans: auto; text-align: start; text-indent: 0px; text-transform: none; white-space: normal; widows: auto; word-spacing: 0px; -webkit-text-size-adjust: auto; -webkit-text-stroke-width: 0px; background-color: rgb(255, 255, 255);\"><font size=\"3\">▲多操作数方程界面，帮助你解决各类方程问题。</font></font><br style=\"color: rgb(0, 0, 0); font-family: arial, sans-serif; font-size: 13px; font-style: normal; font-variant: normal; font-weight: normal; letter-spacing: normal; line-height: normal; orphans: auto; text-align: start; text-indent: 0px; text-transform: none; white-space: normal; widows: auto; word-spacing: 0px; -webkit-text-size-adjust: auto; -webkit-text-stroke-width: 0px; background-color: rgb(255, 255, 255);\" />\r\n<br style=\"color: rgb(0, 0, 0); font-family: arial, sans-serif; font-size: 13px; font-style: normal; font-variant: normal; font-weight: normal; letter-spacing: normal; line-height: normal; orphans: auto; text-align: start; text-indent: 0px; text-transform: none; white-space: normal; widows: auto; word-spacing: 0px; -webkit-text-size-adjust: auto; -webkit-text-stroke-width: 0px; background-color: rgb(255, 255, 255);\" />\r\n<img alt=\"\" border=\"0\" height=\"448\" src=\"http://img.dgtle.com/forum/201303/09/194446yewwwwazkdbmbkzu.png\" style=\"color: rgb(0, 0, 0); font-family: arial, sans-serif; font-size: 13px; font-style: normal; font-variant: normal; font-weight: normal; letter-spacing: normal; line-height: normal; orphans: auto; text-align: start; text-indent: 0px; text-transform: none; white-space: normal; widows: auto; word-spacing: 0px; -webkit-text-size-adjust: auto; -webkit-text-stroke-width: 0px; background-color: rgb(255, 255, 255);\" width=\"600\" /><br style=\"color: rgb(0, 0, 0); font-family: arial, sans-serif; font-size: 13px; font-style: normal; font-variant: normal; font-weight: normal; letter-spacing: normal; line-height: normal; orphans: auto; text-align: start; text-indent: 0px; text-transform: none; white-space: normal; widows: auto; word-spacing: 0px; -webkit-text-size-adjust: auto; -webkit-text-stroke-width: 0px; background-color: rgb(255, 255, 255);\" />\r\n<br style=\"color: rgb(0, 0, 0); font-family: arial, sans-serif; font-size: 13px; font-style: normal; font-variant: normal; font-weight: normal; letter-spacing: normal; line-height: normal; orphans: auto; text-align: start; text-indent: 0px; text-transform: none; white-space: normal; widows: auto; word-spacing: 0px; -webkit-text-size-adjust: auto; -webkit-text-stroke-width: 0px; background-color: rgb(255, 255, 255);\" />\r\n<font color=\"#61676f\" style=\"font-family: arial, sans-serif; font-size: 13px; font-style: normal; font-variant: normal; font-weight: normal; letter-spacing: normal; line-height: normal; orphans: auto; text-align: start; text-indent: 0px; text-transform: none; white-space: normal; widows: auto; word-spacing: 0px; -webkit-text-size-adjust: auto; -webkit-text-stroke-width: 0px; background-color: rgb(255, 255, 255);\"><font size=\"3\">▲在指定位置输入数字，点击&ldquo;解！&rdquo;按键便会立即出现方程的解，点击显示步骤可查看解方程的步骤。</font></font><br style=\"color: rgb(0, 0, 0); font-family: arial, sans-serif; font-size: 13px; font-style: normal; font-variant: normal; font-weight: normal; letter-spacing: normal; line-height: normal; orphans: auto; text-align: start; text-indent: 0px; text-transform: none; white-space: normal; widows: auto; word-spacing: 0px; -webkit-text-size-adjust: auto; -webkit-text-stroke-width: 0px; background-color: rgb(255, 255, 255);\" />\r\n<br style=\"color: rgb(0, 0, 0); font-family: arial, sans-serif; font-size: 13px; font-style: normal; font-variant: normal; font-weight: normal; letter-spacing: normal; line-height: normal; orphans: auto; text-align: start; text-indent: 0px; text-transform: none; white-space: normal; widows: auto; word-spacing: 0px; -webkit-text-size-adjust: auto; -webkit-text-stroke-width: 0px; background-color: rgb(255, 255, 255);\" />\r\n<img alt=\"\" border=\"0\" height=\"448\" src=\"http://img.dgtle.com/forum/201303/09/194447x7gont2mpk5kotom.png\" style=\"color: rgb(0, 0, 0); font-family: arial, sans-serif; font-size: 13px; font-style: normal; font-variant: normal; font-weight: normal; letter-spacing: normal; line-height: normal; orphans: auto; text-align: start; text-indent: 0px; text-transform: none; white-space: normal; widows: auto; word-spacing: 0px; -webkit-text-size-adjust: auto; -webkit-text-stroke-width: 0px; background-color: rgb(255, 255, 255);\" width=\"600\" /><br style=\"color: rgb(0, 0, 0); font-family: arial, sans-serif; font-size: 13px; font-style: normal; font-variant: normal; font-weight: normal; letter-spacing: normal; line-height: normal; orphans: auto; text-align: start; text-indent: 0px; text-transform: none; white-space: normal; widows: auto; word-spacing: 0px; -webkit-text-size-adjust: auto; -webkit-text-stroke-width: 0px; background-color: rgb(255, 255, 255);\" />\r\n<br style=\"color: rgb(0, 0, 0); font-family: arial, sans-serif; font-size: 13px; font-style: normal; font-variant: normal; font-weight: normal; letter-spacing: normal; line-height: normal; orphans: auto; text-align: start; text-indent: 0px; text-transform: none; white-space: normal; widows: auto; word-spacing: 0px; -webkit-text-size-adjust: auto; -webkit-text-stroke-width: 0px; background-color: rgb(255, 255, 255);\" />\r\n<font color=\"#61676f\" style=\"font-family: arial, sans-serif; font-size: 13px; font-style: normal; font-variant: normal; font-weight: normal; letter-spacing: normal; line-height: normal; orphans: auto; text-align: start; text-indent: 0px; text-transform: none; white-space: normal; widows: auto; word-spacing: 0px; -webkit-text-size-adjust: auto; -webkit-text-stroke-width: 0px; background-color: rgb(255, 255, 255);\"><font size=\"3\">▲单操作数工具界面，与多操作数解方程界面不同的背景颜色。同样在指定位置输入数字即可弹出结果。</font></font><br style=\"color: rgb(0, 0, 0); font-family: arial, sans-serif; font-size: 13px; font-style: normal; font-variant: normal; font-weight: normal; letter-spacing: normal; line-height: normal; orphans: auto; text-align: start; text-indent: 0px; text-transform: none; white-space: normal; widows: auto; word-spacing: 0px; -webkit-text-size-adjust: auto; -webkit-text-stroke-width: 0px; background-color: rgb(255, 255, 255);\" />\r\n<br style=\"color: rgb(0, 0, 0); font-family: arial, sans-serif; font-size: 13px; font-style: normal; font-variant: normal; font-weight: normal; letter-spacing: normal; line-height: normal; orphans: auto; text-align: start; text-indent: 0px; text-transform: none; white-space: normal; widows: auto; word-spacing: 0px; -webkit-text-size-adjust: auto; -webkit-text-stroke-width: 0px; background-color: rgb(255, 255, 255);\" />\r\n<img alt=\"\" border=\"0\" height=\"448\" src=\"http://img.dgtle.com/forum/201303/09/194449ghr49s7jrw9hdzh2.png\" style=\"color: rgb(0, 0, 0); font-family: arial, sans-serif; font-size: 13px; font-style: normal; font-variant: normal; font-weight: normal; letter-spacing: normal; line-height: normal; orphans: auto; text-align: start; text-indent: 0px; text-transform: none; white-space: normal; widows: auto; word-spacing: 0px; -webkit-text-size-adjust: auto; -webkit-text-stroke-width: 0px; background-color: rgb(255, 255, 255);\" width=\"600\" /><br style=\"color: rgb(0, 0, 0); font-family: arial, sans-serif; font-size: 13px; font-style: normal; font-variant: normal; font-weight: normal; letter-spacing: normal; line-height: normal; orphans: auto; text-align: start; text-indent: 0px; text-transform: none; white-space: normal; widows: auto; word-spacing: 0px; -webkit-text-size-adjust: auto; -webkit-text-stroke-width: 0px; background-color: rgb(255, 255, 255);\" />\r\n<br style=\"color: rgb(0, 0, 0); font-family: arial, sans-serif; font-size: 13px; font-style: normal; font-variant: normal; font-weight: normal; letter-spacing: normal; line-height: normal; orphans: auto; text-align: start; text-indent: 0px; text-transform: none; white-space: normal; widows: auto; word-spacing: 0px; -webkit-text-size-adjust: auto; -webkit-text-stroke-width: 0px; background-color: rgb(255, 255, 255);\" />\r\n<font color=\"#61676f\" style=\"font-family: arial, sans-serif; font-size: 13px; font-style: normal; font-variant: normal; font-weight: normal; letter-spacing: normal; line-height: normal; orphans: auto; text-align: start; text-indent: 0px; text-transform: none; white-space: normal; widows: auto; word-spacing: 0px; -webkit-text-size-adjust: auto; -webkit-text-stroke-width: 0px; background-color: rgb(255, 255, 255);\"><font size=\"3\">▲学习解方程界面，叫你解各类方程，底下还有练习题。</font></font><br style=\"color: rgb(0, 0, 0); font-family: arial, sans-serif; font-size: 13px; font-style: normal; font-variant: normal; font-weight: normal; letter-spacing: normal; line-height: normal; orphans: auto; text-align: start; text-indent: 0px; text-transform: none; white-space: normal; widows: auto; word-spacing: 0px; -webkit-text-size-adjust: auto; -webkit-text-stroke-width: 0px; background-color: rgb(255, 255, 255);\" />\r\n<br style=\"color: rgb(0, 0, 0); font-family: arial, sans-serif; font-size: 13px; font-style: normal; font-variant: normal; font-weight: normal; letter-spacing: normal; line-height: normal; orphans: auto; text-align: start; text-indent: 0px; text-transform: none; white-space: normal; widows: auto; word-spacing: 0px; -webkit-text-size-adjust: auto; -webkit-text-stroke-width: 0px; background-color: rgb(255, 255, 255);\" />\r\n<img alt=\"\" border=\"0\" height=\"448\" src=\"http://img.dgtle.com/forum/201303/09/194442zsgzs7z41pms1v1s.png\" style=\"color: rgb(0, 0, 0); font-family: arial, sans-serif; font-size: 13px; font-style: normal; font-variant: normal; font-weight: normal; letter-spacing: normal; line-height: normal; orphans: auto; text-align: start; text-indent: 0px; text-transform: none; white-space: normal; widows: auto; word-spacing: 0px; -webkit-text-size-adjust: auto; -webkit-text-stroke-width: 0px; background-color: rgb(255, 255, 255);\" width=\"600\" /><br style=\"color: rgb(0, 0, 0); font-family: arial, sans-serif; font-size: 13px; font-style: normal; font-variant: normal; font-weight: normal; letter-spacing: normal; line-height: normal; orphans: auto; text-align: start; text-indent: 0px; text-transform: none; white-space: normal; widows: auto; word-spacing: 0px; -webkit-text-size-adjust: auto; -webkit-text-stroke-width: 0px; background-color: rgb(255, 255, 255);\" />\r\n<br style=\"color: rgb(0, 0, 0); font-family: arial, sans-serif; font-size: 13px; font-style: normal; font-variant: normal; font-weight: normal; letter-spacing: normal; line-height: normal; orphans: auto; text-align: start; text-indent: 0px; text-transform: none; white-space: normal; widows: auto; word-spacing: 0px; -webkit-text-size-adjust: auto; -webkit-text-stroke-width: 0px; background-color: rgb(255, 255, 255);\" />\r\n<font color=\"#61676f\" style=\"font-family: arial, sans-serif; font-size: 13px; font-style: normal; font-variant: normal; font-weight: normal; letter-spacing: normal; line-height: normal; orphans: auto; text-align: start; text-indent: 0px; text-transform: none; white-space: normal; widows: auto; word-spacing: 0px; -webkit-text-size-adjust: auto; -webkit-text-stroke-width: 0px; background-color: rgb(255, 255, 255);\"><font size=\"3\">▲帮助界面，教你如何使用各种工具。</font></font><br style=\"color: rgb(0, 0, 0); font-family: arial, sans-serif; font-size: 13px; font-style: normal; font-variant: normal; font-weight: normal; letter-spacing: normal; line-height: normal; orphans: auto; text-align: start; text-indent: 0px; text-transform: none; white-space: normal; widows: auto; word-spacing: 0px; -webkit-text-size-adjust: auto; -webkit-text-stroke-width: 0px; background-color: rgb(255, 255, 255);\" />\r\n<br style=\"color: rgb(0, 0, 0); font-family: arial, sans-serif; font-size: 13px; font-style: normal; font-variant: normal; font-weight: normal; letter-spacing: normal; line-height: normal; orphans: auto; text-align: start; text-indent: 0px; text-transform: none; white-space: normal; widows: auto; word-spacing: 0px; -webkit-text-size-adjust: auto; -webkit-text-stroke-width: 0px; background-color: rgb(255, 255, 255);\" />\r\n<br style=\"color: rgb(0, 0, 0); font-family: arial, sans-serif; font-size: 13px; font-style: normal; font-variant: normal; font-weight: normal; letter-spacing: normal; line-height: normal; orphans: auto; text-align: start; text-indent: 0px; text-transform: none; white-space: normal; widows: auto; word-spacing: 0px; -webkit-text-size-adjust: auto; -webkit-text-stroke-width: 0px; background-color: rgb(255, 255, 255);\" />\r\n<font size=\"4\" style=\"color: rgb(0, 0, 0); font-family: arial, sans-serif; font-style: normal; font-variant: normal; font-weight: normal; letter-spacing: normal; line-height: normal; orphans: auto; text-align: start; text-indent: 0px; text-transform: none; white-space: normal; widows: auto; word-spacing: 0px; -webkit-text-size-adjust: auto; -webkit-text-stroke-width: 0px; background-color: rgb(255, 255, 255);\"><strong>图背单词</strong></font></p>\r\n\r\n<hr style=\"color: rgb(0, 0, 0); font-family: arial, sans-serif; font-size: 13px; font-style: normal; font-variant: normal; font-weight: normal; letter-spacing: normal; line-height: normal; orphans: auto; text-align: start; text-indent: 0px; text-transform: none; white-space: normal; widows: auto; word-spacing: 0px; -webkit-text-size-adjust: auto; -webkit-text-stroke-width: 0px; background-color: rgb(255, 255, 255);\" />\r\n<p><br style=\"color: rgb(0, 0, 0); font-family: arial, sans-serif; font-size: 13px; font-style: normal; font-variant: normal; font-weight: normal; letter-spacing: normal; line-height: normal; orphans: auto; text-align: start; text-indent: 0px; text-transform: none; white-space: normal; widows: auto; word-spacing: 0px; -webkit-text-size-adjust: auto; -webkit-text-stroke-width: 0px; background-color: rgb(255, 255, 255);\" />\r\n<img alt=\"百词斩.png\" src=\"http://img.dgtle.com/forum/201303/09/184542cfkj606lwngojele.png\" style=\"color: rgb(0, 0, 0); font-family: arial, sans-serif; font-size: 13px; font-style: normal; font-variant: normal; font-weight: normal; letter-spacing: normal; line-height: normal; orphans: auto; text-align: start; text-indent: 0px; text-transform: none; white-space: normal; widows: auto; word-spacing: 0px; -webkit-text-size-adjust: auto; -webkit-text-stroke-width: 0px; background-color: rgb(255, 255, 255);\" title=\"百词斩.png\" width=\"200\" /><br style=\"color: rgb(0, 0, 0); font-family: arial, sans-serif; font-size: 13px; font-style: normal; font-variant: normal; font-weight: normal; letter-spacing: normal; line-height: normal; orphans: auto; text-align: start; text-indent: 0px; text-transform: none; white-space: normal; widows: auto; word-spacing: 0px; -webkit-text-size-adjust: auto; -webkit-text-stroke-width: 0px; background-color: rgb(255, 255, 255);\" />\r\n<br style=\"color: rgb(0, 0, 0); font-family: arial, sans-serif; font-size: 13px; font-style: normal; font-variant: normal; font-weight: normal; letter-spacing: normal; line-height: normal; orphans: auto; text-align: start; text-indent: 0px; text-transform: none; white-space: normal; widows: auto; word-spacing: 0px; -webkit-text-size-adjust: auto; -webkit-text-stroke-width: 0px; background-color: rgb(255, 255, 255);\" />\r\n<font size=\"3\" style=\"color: rgb(0, 0, 0); font-family: arial, sans-serif; font-style: normal; font-variant: normal; font-weight: normal; letter-spacing: normal; line-height: normal; orphans: auto; text-align: start; text-indent: 0px; text-transform: none; white-space: normal; widows: auto; word-spacing: 0px; -webkit-text-size-adjust: auto; -webkit-text-stroke-width: 0px; background-color: rgb(255, 255, 255);\"><font color=\"#61676f\">应用名称：</font></font><font size=\"3\" style=\"color: rgb(0, 0, 0); font-family: arial, sans-serif; font-style: normal; font-variant: normal; font-weight: normal; letter-spacing: normal; line-height: normal; orphans: auto; text-align: start; text-indent','2013-03-16 10:39:06','2013-03-16 10:40:55',1,1),(22,'34234234234','<p>sdfsafsfsdfsdf</p>\r\n','2013-03-18 09:33:06','2013-03-18 09:33:06',1,4);
/*!40000 ALTER TABLE `posts` ENABLE KEYS */;
UNLOCK TABLES;

--
-- Table structure for table `schema_migrations`
--

DROP TABLE IF EXISTS `schema_migrations`;
/*!40101 SET @saved_cs_client     = @@character_set_client */;
/*!40101 SET character_set_client = utf8 */;
CREATE TABLE `schema_migrations` (
  `version` varchar(255) NOT NULL,
  UNIQUE KEY `unique_schema_migrations` (`version`)
) ENGINE=InnoDB DEFAULT CHARSET=latin1;
/*!40101 SET character_set_client = @saved_cs_client */;

--
-- Dumping data for table `schema_migrations`
--

LOCK TABLES `schema_migrations` WRITE;
/*!40000 ALTER TABLE `schema_migrations` DISABLE KEYS */;
INSERT INTO `schema_migrations` VALUES ('20130312133323'),('20130312133347'),('20130312141927'),('20130313054935'),('20130313063736'),('20130313072606'),('20130313103629'),('20130313131425'),('20130313134940'),('20130314104626'),('20130314104627'),('20130316115608'),('20130317132607'),('20130318083608');
/*!40000 ALTER TABLE `schema_migrations` ENABLE KEYS */;
UNLOCK TABLES;

--
-- Table structure for table `users`
--

DROP TABLE IF EXISTS `users`;
/*!40101 SET @saved_cs_client     = @@character_set_client */;
/*!40101 SET character_set_client = utf8 */;
CREATE TABLE `users` (
  `id` int(11) NOT NULL AUTO_INCREMENT,
  `email` varchar(255) NOT NULL DEFAULT '',
  `encrypted_password` varchar(255) NOT NULL DEFAULT '',
  `reset_password_token` varchar(255) DEFAULT NULL,
  `reset_password_sent_at` datetime DEFAULT NULL,
  `remember_created_at` datetime DEFAULT NULL,
  `sign_in_count` int(11) DEFAULT '0',
  `current_sign_in_at` datetime DEFAULT NULL,
  `last_sign_in_at` datetime DEFAULT NULL,
  `current_sign_in_ip` varchar(255) DEFAULT NULL,
  `last_sign_in_ip` varchar(255) DEFAULT NULL,
  `created_at` datetime NOT NULL,
  `updated_at` datetime NOT NULL,
  `is_admin` tinyint(1) DEFAULT '0',
  `name` varchar(255) DEFAULT NULL,
  `provider` varchar(255) DEFAULT NULL,
  `uid` varchar(255) DEFAULT NULL,
  PRIMARY KEY (`id`),
  UNIQUE KEY `index_users_on_email` (`email`),
  UNIQUE KEY `index_users_on_reset_password_token` (`reset_password_token`)
) ENGINE=InnoDB AUTO_INCREMENT=5 DEFAULT CHARSET=utf8;
/*!40101 SET character_set_client = @saved_cs_client */;

--
-- Dumping data for table `users`
--

LOCK TABLES `users` WRITE;
/*!40000 ALTER TABLE `users` DISABLE KEYS */;
INSERT INTO `users` VALUES (1,'jhezjkp@gmail.com','$2a$10$SVxVl2ZQTyIGWamBHytN5OZvqUTf.2ZOapoWPpKGM9s7yol1exLaK',NULL,NULL,NULL,11,'2013-03-18 03:02:16','2013-03-18 03:01:02','42.120.72.142','140.207.0.214','2013-03-13 06:04:30','2013-03-18 03:02:16',1,'vivia',NULL,NULL),(2,'jkp3389@qq.com','$2a$10$bwLgbM5pxgxtMgz9jEs7q.1w1/umFqLj/nkfA/xXsTXyFT6f/f5zC',NULL,NULL,NULL,3,'2013-03-14 10:13:46','2013-03-14 07:15:18','140.207.0.214','140.207.0.214','2013-03-13 08:25:24','2013-03-14 10:13:46',0,'jkp',NULL,NULL),(3,'jhezjkp@163.com','',NULL,NULL,NULL,2,'2013-03-18 08:50:35','2013-03-18 08:47:42','140.207.0.214','140.207.0.214','2013-03-18 08:47:42','2013-03-18 08:57:20',0,'Kvs','github','769374'),(4,'xsjxwylyj@gmail.com','',NULL,NULL,NULL,1,'2013-03-18 09:31:45','2013-03-18 09:31:45','218.202.239.238','218.202.239.238','2013-03-18 09:31:45','2013-03-18 09:31:45',0,'xsjxwylyj','github','2033031');
/*!40000 ALTER TABLE `users` ENABLE KEYS */;
UNLOCK TABLES;
/*!40103 SET TIME_ZONE=@OLD_TIME_ZONE */;

/*!40101 SET SQL_MODE=@OLD_SQL_MODE */;
/*!40014 SET FOREIGN_KEY_CHECKS=@OLD_FOREIGN_KEY_CHECKS */;
/*!40014 SET UNIQUE_CHECKS=@OLD_UNIQUE_CHECKS */;
/*!40101 SET CHARACTER_SET_CLIENT=@OLD_CHARACTER_SET_CLIENT */;
/*!40101 SET CHARACTER_SET_RESULTS=@OLD_CHARACTER_SET_RESULTS */;
/*!40101 SET COLLATION_CONNECTION=@OLD_COLLATION_CONNECTION */;
/*!40111 SET SQL_NOTES=@OLD_SQL_NOTES */;

-- Dump completed on 2013-03-18 19:42:41
